Scenario,Period,LoadLevel,AT00_HydroTurbinePumpStorage,BA00_HydroTurbinePumpStorage,BE00_HydroTurbinePumpStorage,BG00_HydroTurbinePumpStorage,CH00_HydroTurbinePumpStorage,CZ00_HydroTurbinePumpStorage,DE00_HydroTurbinePumpStorage,ES00_HydroTurbinePumpStorage,FR00_HydroTurbinePumpStorage,GR00_HydroTurbinePumpStorage,HR00_HydroTurbinePumpStorage,IE00_HydroTurbinePumpStorage,ITCS_HydroTurbinePumpStorage,ITN1_HydroTurbinePumpStorage,ITSA_HydroTurbinePumpStorage,ITSI_HydroTurbinePumpStorage,LT00_HydroTurbinePumpStorage,NOM1_HydroTurbinePumpStorage,NON1_HydroTurbinePumpStorage,NOS0_HydroTurbinePumpStorage,PL00_HydroTurbinePumpStorage,PT00_HydroTurbinePumpStorage,RO00_HydroTurbinePumpStorage,RS00_HydroTurbinePumpStorage,SI00_HydroTurbinePumpStorage,SK00_HydroTurbinePumpStorage,UK00_HydroTurbinePumpStorage
sc2025,y2025,2025-01-01T01:00:00+01:00,,,,,,,,,,,,,,,,,,,,,,,,,,,
sc2025,y2025,2025-01-01T03:00:00+01:00,,,,,,,,,,,,,,,,,,,,,,,,,,,
sc2025,y2025,2025-01-01T05:00:00+01:00,,,,,,,,,,,,,,,,,,,,,,,,,,,
sc2025,y2025,2025-01-01T07:00:00+01:00,,,,,,,,,,,,,,,,,,,,,,,,,,,
sc2025,y2025,2025-01-01T09:00:00+01:00,,,,,,,,,,,,,,,,,,,,,,,,,,,
sc2025,y2025,2025-01-01T11:00:00+01:00,,,,,,,,,,,,,,,,,,,,,,,,,,,
sc2025,y2025,2025-01-01T13:00:00+01:00,,,,,,,,,,,,,,,,,,,,,,,,,,,
sc2025,y2025,2025-01-01T15:00:00+01:00,,,,,,,,,,,,,,,,,,,,,,,,,,,
sc2025,y2025,2025-01-01T17:00:00+01:00,,,,,,,,,,,,,,,,,,,,,,,,,,,
sc2025,y2025,2025-01-01T19:00:00+01:00,,,,,,,,,,,,,,,,,,,,,,,,,,,
sc2025,y2025,2025-01-01T21:00:00+01:00,,,,,,,,,,,,,,,,,,,,,,,,,,,
sc2025,y2025,2025-01-01T23:00:00+01:00,,,,,,,,,,,,,,,,,,,,,,,,,,,
sc2025,y2025,2025-01-02T01:00:00+01:00,,,,,,,,,,,,,,,,,,,,,,,,,,,
sc2025,y2025,2025-01-02T03:00:00+01:00,,,,,,,,,,,,,,,,,,,,,,,,,,,
sc2025,y2025,2025-01-02T05:00:00+01:00,,,,,,,,,,,,,,,,,,,,,,,,,,,
sc2025,y2025,2025-01-02T07:00:00+01:00,,,,,,,,,,,,,,,,,,,,,,,,,,,
sc2025,y2025,2025-01-02T09:00:00+01:00,,,,,,,,,,,,,,,,,,,,,,,,,,,
sc2025,y2025,2025-01-02T11:00:00+01:00,,,,,,,,,,,,,,,,,,,,,,,,,,,
sc2025,y2025,2025-01-02T13:00:00+01:00,,,,,,,,,,,,,,,,,,,,,,,,,,,
sc2025,y2025,2025-01-02T15:00:00+01:00,,,,,,,,,,,,,,,,,,,,,,,,,,,
sc2025,y2025,2025-01-02T17:00:00+01:00,,,,,,,,,,,,,,,,,,,,,,,,,,,
sc2025,y2025,2025-01-02T19:00:00+01:00,,,,,,,,,,,,,,,,,,,,,,,,,,,
sc2025,y2025,2025-01-02T21:00:00+01:00,,,,,,,,,,,,,,,,,,,,,,,,,,,
sc2025,y2025,2025-01-02T23:00:00+01:00,,,,,,,,,,,,,,,,,,,,,,,,,,,
sc2025,y2025,2025-01-03T01:00:00+01:00,,,,,,,,,,,,,,,,,,,,,,,,,,,
sc2025,y2025,2025-01-03T03:00:00+01:00,,,,,,,,,,,,,,,,,,,,,,,,,,,
sc2025,y2025,2025-01-03T05:00:00+01:00,,,,,,,,,,,,,,,,,,,,,,,,,,,
sc2025,y2025,2025-01-03T07:00:00+01:00,,,,,,,,,,,,,,,,,,,,,,,,,,,
sc2025,y2025,2025-01-03T09:00:00+01:00,,,,,,,,,,,,,,,,,,,,,,,,,,,
sc2025,y2025,2025-01-03T11:00:00+01:00,,,,,,,,,,,,,,,,,,,,,,,,,,,
sc2025,y2025,2025-01-03T13:00:00+01:00,,,,,,,,,,,,,,,,,,,,,,,,,,,
sc2025,y2025,2025-01-03T15:00:00+01:00,,,,,,,,,,,,,,,,,,,,,,,,,,,
sc2025,y2025,2025-01-03T17:00:00+01:00,,,,,,,,,,,,,,,,,,,,,,,,,,,
sc2025,y2025,2025-01-03T19:00:00+01:00,,,,,,,,,,,,,,,,,,,,,,,,,,,
sc2025,y2025,2025-01-03T21:00:00+01:00,,,,,,,,,,,,,,,,,,,,,,,,,,,
sc2025,y2025,2025-01-03T23:00:00+01:00,,,,,,,,,,,,,,,,,,,,,,,,,,,
sc2025,y2025,2025-01-04T01:00:00+01:00,,,,,,,,,,,,,,,,,,,,,,,,,,,
sc2025,y2025,2025-01-04T03:00:00+01:00,,,,,,,,,,,,,,,,,,,,,,,,,,,
sc2025,y2025,2025-01-04T05:00:00+01:00,,,,,,,,,,,,,,,,,,,,,,,,,,,
sc2025,y2025,2025-01-04T07:00:00+01:00,,,,,,,,,,,,,,,,,,,,,,,,,,,
sc2025,y2025,2025-01-04T09:00:00+01:00,,,,,,,,,,,,,,,,,,,,,,,,,,,
sc2025,y2025,2025-01-04T11:00:00+01:00,,,,,,,,,,,,,,,,,,,,,,,,,,,
sc2025,y2025,2025-01-04T13:00:00+01:00,,,,,,,,,,,,,,,,,,,,,,,,,,,
sc2025,y2025,2025-01-04T15:00:00+01:00,,,,,,,,,,,,,,,,,,,,,,,,,,,
sc2025,y2025,2025-01-04T17:00:00+01:00,,,,,,,,,,,,,,,,,,,,,,,,,,,
sc2025,y2025,2025-01-04T19:00:00+01:00,,,,,,,,,,,,,,,,,,,,,,,,,,,
sc2025,y2025,2025-01-04T21:00:00+01:00,,,,,,,,,,,,,,,,,,,,,,,,,,,
sc2025,y2025,2025-01-04T23:00:00+01:00,,,,,,,,,,,,,,,,,,,,,,,,,,,
sc2025,y2025,2025-01-05T01:00:00+01:00,,,,,,,,,,,,,,,,,,,,,,,,,,,
sc2025,y2025,2025-01-05T03:00:00+01:00,,,,,,,,,,,,,,,,,,,,,,,,,,,
sc2025,y2025,2025-01-05T05:00:00+01:00,,,,,,,,,,,,,,,,,,,,,,,,,,,
sc2025,y2025,2025-01-05T07:00:00+01:00,,,,,,,,,,,,,,,,,,,,,,,,,,,
sc2025,y2025,2025-01-05T09:00:00+01:00,,,,,,,,,,,,,,,,,,,,,,,,,,,
sc2025,y2025,2025-01-05T11:00:00+01:00,,,,,,,,,,,,,,,,,,,,,,,,,,,
sc2025,y2025,2025-01-05T13:00:00+01:00,,,,,,,,,,,,,,,,,,,,,,,,,,,
sc2025,y2025,2025-01-05T15:00:00+01:00,,,,,,,,,,,,,,,,,,,,,,,,,,,
sc2025,y2025,2025-01-05T17:00:00+01:00,,,,,,,,,,,,,,,,,,,,,,,,,,,
sc2025,y2025,2025-01-05T19:00:00+01:00,,,,,,,,,,,,,,,,,,,,,,,,,,,
sc2025,y2025,2025-01-05T21:00:00+01:00,,,,,,,,,,,,,,,,,,,,,,,,,,,
sc2025,y2025,2025-01-05T23:00:00+01:00,,,,,,,,,,,,,,,,,,,,,,,,,,,
sc2025,y2025,2025-01-06T01:00:00+01:00,,,,,,,,,,,,,,,,,,,,,,,,,,,
sc2025,y2025,2025-01-06T03:00:00+01:00,,,,,,,,,,,,,,,,,,,,,,,,,,,
sc2025,y2025,2025-01-06T05:00:00+01:00,,,,,,,,,,,,,,,,,,,,,,,,,,,
sc2025,y2025,2025-01-06T07:00:00+01:00,,,,,,,,,,,,,,,,,,,,,,,,,,,
sc2025,y2025,2025-01-06T09:00:00+01:00,,,,,,,,,,,,,,,,,,,,,,,,,,,
sc2025,y2025,2025-01-06T11:00:00+01:00,,,,,,,,,,,,,,,,,,,,,,,,,,,
sc2025,y2025,2025-01-06T13:00:00+01:00,,,,,,,,,,,,,,,,,,,,,,,,,,,
sc2025,y2025,2025-01-06T15:00:00+01:00,,,,,,,,,,,,,,,,,,,,,,,,,,,
sc2025,y2025,2025-01-06T17:00:00+01:00,,,,,,,,,,,,,,,,,,,,,,,,,,,
sc2025,y2025,2025-01-06T19:00:00+01:00,,,,,,,,,,,,,,,,,,,,,,,,,,,
sc2025,y2025,2025-01-06T21:00:00+01:00,,,,,,,,,,,,,,,,,,,,,,,,,,,
sc2025,y2025,2025-01-06T23:00:00+01:00,,,,,,,,,,,,,,,,,,,,,,,,,,,
sc2025,y2025,2025-01-07T01:00:00+01:00,,,,,,,,,,,,,,,,,,,,,,,,,,,
sc2025,y2025,2025-01-07T03:00:00+01:00,,,,,,,,,,,,,,,,,,,,,,,,,,,
sc2025,y2025,2025-01-07T05:00:00+01:00,,,,,,,,,,,,,,,,,,,,,,,,,,,
sc2025,y2025,2025-01-07T07:00:00+01:00,,,,,,,,,,,,,,,,,,,,,,,,,,,
sc2025,y2025,2025-01-07T09:00:00+01:00,,,,,,,,,,,,,,,,,,,,,,,,,,,
sc2025,y2025,2025-01-07T11:00:00+01:00,,,,,,,,,,,,,,,,,,,,,,,,,,,
sc2025,y2025,2025-01-07T13:00:00+01:00,,,,,,,,,,,,,,,,,,,,,,,,,,,
sc2025,y2025,2025-01-07T15:00:00+01:00,,,,,,,,,,,,,,,,,,,,,,,,,,,
sc2025,y2025,2025-01-07T17:00:00+01:00,,,,,,,,,,,,,,,,,,,,,,,,,,,
sc2025,y2025,2025-01-07T19:00:00+01:00,,,,,,,,,,,,,,,,,,,,,,,,,,,
sc2025,y2025,2025-01-07T21:00:00+01:00,,,,,,,,,,,,,,,,,,,,,,,,,,,
sc2025,y2025,2025-01-07T23:00:00+01:00,195.4813082693659,14.019006740613404,66.96,42.17566755108946,149.49480176472852,55.58399854,481.776,330.96,57.900623689651006,18.003701055799663,11.08819107240902,8.198298685297994,48.9083077074649,240.24,8.068102149322597,18.702503283012007,4.596888812045012,91.38623154590002,94.22047575479999,470.01618143766336,24.396231414369986,147.22596575027302,28.694946661389867,13.567608477825447,21.96613175969358,42.76575880092198,141.792
sc2025,y2025,2025-01-08T01:00:00+01:00,,,,,,,,,,,,,,,,,,,,,,,,,,,
sc2025,y2025,2025-01-08T03:00:00+01:00,,,,,,,,,,,,,,,,,,,,,,,,,,,
sc2025,y2025,2025-01-08T05:00:00+01:00,,,,,,,,,,,,,,,,,,,,,,,,,,,
sc2025,y2025,2025-01-08T07:00:00+01:00,,,,,,,,,,,,,,,,,,,,,,,,,,,
sc2025,y2025,2025-01-08T09:00:00+01:00,,,,,,,,,,,,,,,,,,,,,,,,,,,
sc2025,y2025,2025-01-08T11:00:00+01:00,,,,,,,,,,,,,,,,,,,,,,,,,,,
sc2025,y2025,2025-01-08T13:00:00+01:00,,,,,,,,,,,,,,,,,,,,,,,,,,,
sc2025,y2025,2025-01-08T15:00:00+01:00,,,,,,,,,,,,,,,,,,,,,,,,,,,
sc2025,y2025,2025-01-08T17:00:00+01:00,,,,,,,,,,,,,,,,,,,,,,,,,,,
sc2025,y2025,2025-01-08T19:00:00+01:00,,,,,,,,,,,,,,,,,,,,,,,,,,,
sc2025,y2025,2025-01-08T21:00:00+01:00,,,,,,,,,,,,,,,,,,,,,,,,,,,
sc2025,y2025,2025-01-08T23:00:00+01:00,,,,,,,,,,,,,,,,,,,,,,,,,,,
sc2025,y2025,2025-01-09T01:00:00+01:00,,,,,,,,,,,,,,,,,,,,,,,,,,,
sc2025,y2025,2025-01-09T03:00:00+01:00,,,,,,,,,,,,,,,,,,,,,,,,,,,
sc2025,y2025,2025-01-09T05:00:00+01:00,,,,,,,,,,,,,,,,,,,,,,,,,,,
sc2025,y2025,2025-01-09T07:00:00+01:00,,,,,,,,,,,,,,,,,,,,,,,,,,,
sc2025,y2025,2025-01-09T09:00:00+01:00,,,,,,,,,,,,,,,,,,,,,,,,,,,
sc2025,y2025,2025-01-09T11:00:00+01:00,,,,,,,,,,,,,,,,,,,,,,,,,,,
sc2025,y2025,2025-01-09T13:00:00+01:00,,,,,,,,,,,,,,,,,,,,,,,,,,,
sc2025,y2025,2025-01-09T15:00:00+01:00,,,,,,,,,,,,,,,,,,,,,,,,,,,
sc2025,y2025,2025-01-09T17:00:00+01:00,,,,,,,,,,,,,,,,,,,,,,,,,,,
sc2025,y2025,2025-01-09T19:00:00+01:00,,,,,,,,,,,,,,,,,,,,,,,,,,,
sc2025,y2025,2025-01-09T21:00:00+01:00,,,,,,,,,,,,,,,,,,,,,,,,,,,
sc2025,y2025,2025-01-09T23:00:00+01:00,,,,,,,,,,,,,,,,,,,,,,,,,,,
sc2025,y2025,2025-01-10T01:00:00+01:00,,,,,,,,,,,,,,,,,,,,,,,,,,,
sc2025,y2025,2025-01-10T03:00:00+01:00,,,,,,,,,,,,,,,,,,,,,,,,,,,
sc2025,y2025,2025-01-10T05:00:00+01:00,,,,,,,,,,,,,,,,,,,,,,,,,,,
sc2025,y2025,2025-01-10T07:00:00+01:00,,,,,,,,,,,,,,,,,,,,,,,,,,,
sc2025,y2025,2025-01-10T09:00:00+01:00,,,,,,,,,,,,,,,,,,,,,,,,,,,
sc2025,y2025,2025-01-10T11:00:00+01:00,,,,,,,,,,,,,,,,,,,,,,,,,,,
sc2025,y2025,2025-01-10T13:00:00+01:00,,,,,,,,,,,,,,,,,,,,,,,,,,,
sc2025,y2025,2025-01-10T15:00:00+01:00,,,,,,,,,,,,,,,,,,,,,,,,,,,
sc2025,y2025,2025-01-10T17:00:00+01:00,,,,,,,,,,,,,,,,,,,,,,,,,,,
sc2025,y2025,2025-01-10T19:00:00+01:00,,,,,,,,,,,,,,,,,,,,,,,,,,,
sc2025,y2025,2025-01-10T21:00:00+01:00,,,,,,,,,,,,,,,,,,,,,,,,,,,
sc2025,y2025,2025-01-10T23:00:00+01:00,,,,,,,,,,,,,,,,,,,,,,,,,,,
sc2025,y2025,2025-01-11T01:00:00+01:00,,,,,,,,,,,,,,,,,,,,,,,,,,,
sc2025,y2025,2025-01-11T03:00:00+01:00,,,,,,,,,,,,,,,,,,,,,,,,,,,
sc2025,y2025,2025-01-11T05:00:00+01:00,,,,,,,,,,,,,,,,,,,,,,,,,,,
sc2025,y2025,2025-01-11T07:00:00+01:00,,,,,,,,,,,,,,,,,,,,,,,,,,,
sc2025,y2025,2025-01-11T09:00:00+01:00,,,,,,,,,,,,,,,,,,,,,,,,,,,
sc2025,y2025,2025-01-11T11:00:00+01:00,,,,,,,,,,,,,,,,,,,,,,,,,,,
sc2025,y2025,2025-01-11T13:00:00+01:00,,,,,,,,,,,,,,,,,,,,,,,,,,,
sc2025,y2025,2025-01-11T15:00:00+01:00,,,,,,,,,,,,,,,,,,,,,,,,,,,
sc2025,y2025,2025-01-11T17:00:00+01:00,,,,,,,,,,,,,,,,,,,,,,,,,,,
sc2025,y2025,2025-01-11T19:00:00+01:00,,,,,,,,,,,,,,,,,,,,,,,,,,,
sc2025,y2025,2025-01-11T21:00:00+01:00,,,,,,,,,,,,,,,,,,,,,,,,,,,
sc2025,y2025,2025-01-11T23:00:00+01:00,,,,,,,,,,,,,,,,,,,,,,,,,,,
sc2025,y2025,2025-01-12T01:00:00+01:00,,,,,,,,,,,,,,,,,,,,,,,,,,,
sc2025,y2025,2025-01-12T03:00:00+01:00,,,,,,,,,,,,,,,,,,,,,,,,,,,
sc2025,y2025,2025-01-12T05:00:00+01:00,,,,,,,,,,,,,,,,,,,,,,,,,,,
sc2025,y2025,2025-01-12T07:00:00+01:00,,,,,,,,,,,,,,,,,,,,,,,,,,,
sc2025,y2025,2025-01-12T09:00:00+01:00,,,,,,,,,,,,,,,,,,,,,,,,,,,
sc2025,y2025,2025-01-12T11:00:00+01:00,,,,,,,,,,,,,,,,,,,,,,,,,,,
sc2025,y2025,2025-01-12T13:00:00+01:00,,,,,,,,,,,,,,,,,,,,,,,,,,,
sc2025,y2025,2025-01-12T15:00:00+01:00,,,,,,,,,,,,,,,,,,,,,,,,,,,
sc2025,y2025,2025-01-12T17:00:00+01:00,,,,,,,,,,,,,,,,,,,,,,,,,,,
sc2025,y2025,2025-01-12T19:00:00+01:00,,,,,,,,,,,,,,,,,,,,,,,,,,,
sc2025,y2025,2025-01-12T21:00:00+01:00,,,,,,,,,,,,,,,,,,,,,,,,,,,
sc2025,y2025,2025-01-12T23:00:00+01:00,,,,,,,,,,,,,,,,,,,,,,,,,,,
sc2025,y2025,2025-01-13T01:00:00+01:00,,,,,,,,,,,,,,,,,,,,,,,,,,,
sc2025,y2025,2025-01-13T03:00:00+01:00,,,,,,,,,,,,,,,,,,,,,,,,,,,
sc2025,y2025,2025-01-13T05:00:00+01:00,,,,,,,,,,,,,,,,,,,,,,,,,,,
sc2025,y2025,2025-01-13T07:00:00+01:00,,,,,,,,,,,,,,,,,,,,,,,,,,,
sc2025,y2025,2025-01-13T09:00:00+01:00,,,,,,,,,,,,,,,,,,,,,,,,,,,
sc2025,y2025,2025-01-13T11:00:00+01:00,,,,,,,,,,,,,,,,,,,,,,,,,,,
sc2025,y2025,2025-01-13T13:00:00+01:00,,,,,,,,,,,,,,,,,,,,,,,,,,,
sc2025,y2025,2025-01-13T15:00:00+01:00,,,,,,,,,,,,,,,,,,,,,,,,,,,
sc2025,y2025,2025-01-13T17:00:00+01:00,,,,,,,,,,,,,,,,,,,,,,,,,,,
sc2025,y2025,2025-01-13T19:00:00+01:00,,,,,,,,,,,,,,,,,,,,,,,,,,,
sc2025,y2025,2025-01-13T21:00:00+01:00,,,,,,,,,,,,,,,,,,,,,,,,,,,
sc2025,y2025,2025-01-13T23:00:00+01:00,,,,,,,,,,,,,,,,,,,,,,,,,,,
sc2025,y2025,2025-01-14T01:00:00+01:00,,,,,,,,,,,,,,,,,,,,,,,,,,,
sc2025,y2025,2025-01-14T03:00:00+01:00,,,,,,,,,,,,,,,,,,,,,,,,,,,
sc2025,y2025,2025-01-14T05:00:00+01:00,,,,,,,,,,,,,,,,,,,,,,,,,,,
sc2025,y2025,2025-01-14T07:00:00+01:00,,,,,,,,,,,,,,,,,,,,,,,,,,,
sc2025,y2025,2025-01-14T09:00:00+01:00,,,,,,,,,,,,,,,,,,,,,,,,,,,
sc2025,y2025,2025-01-14T11:00:00+01:00,,,,,,,,,,,,,,,,,,,,,,,,,,,
sc2025,y2025,2025-01-14T13:00:00+01:00,,,,,,,,,,,,,,,,,,,,,,,,,,,
sc2025,y2025,2025-01-14T15:00:00+01:00,,,,,,,,,,,,,,,,,,,,,,,,,,,
sc2025,y2025,2025-01-14T17:00:00+01:00,,,,,,,,,,,,,,,,,,,,,,,,,,,
sc2025,y2025,2025-01-14T19:00:00+01:00,,,,,,,,,,,,,,,,,,,,,,,,,,,
sc2025,y2025,2025-01-14T21:00:00+01:00,,,,,,,,,,,,,,,,,,,,,,,,,,,
sc2025,y2025,2025-01-14T23:00:00+01:00,201.0374414,21.12,66.96,63.560499365621595,167.5098975851496,55.58399854,481.776,330.96,78.794699748377,22.59597150874271,14.400000000000002,3.86901070654086,83.85600000000001,131.69682492597786,11.52,22.58663493935202,12.863694655417058,51.77295979460007,62.711564671900035,351.65797226641536,19.060773504050296,183.93599999999998,35.808,29.471999999999998,25.631999999999998,44.45087988,141.792
sc2025,y2025,2025-01-15T01:00:00+01:00,,,,,,,,,,,,,,,,,,,,,,,,,,,
sc2025,y2025,2025-01-15T03:00:00+01:00,,,,,,,,,,,,,,,,,,,,,,,,,,,
sc2025,y2025,2025-01-15T05:00:00+01:00,,,,,,,,,,,,,,,,,,,,,,,,,,,
sc2025,y2025,2025-01-15T07:00:00+01:00,,,,,,,,,,,,,,,,,,,,,,,,,,,
sc2025,y2025,2025-01-15T09:00:00+01:00,,,,,,,,,,,,,,,,,,,,,,,,,,,
sc2025,y2025,2025-01-15T11:00:00+01:00,,,,,,,,,,,,,,,,,,,,,,,,,,,
sc2025,y2025,2025-01-15T13:00:00+01:00,,,,,,,,,,,,,,,,,,,,,,,,,,,
sc2025,y2025,2025-01-15T15:00:00+01:00,,,,,,,,,,,,,,,,,,,,,,,,,,,
sc2025,y2025,2025-01-15T17:00:00+01:00,,,,,,,,,,,,,,,,,,,,,,,,,,,
sc2025,y2025,2025-01-15T19:00:00+01:00,,,,,,,,,,,,,,,,,,,,,,,,,,,
sc2025,y2025,2025-01-15T21:00:00+01:00,,,,,,,,,,,,,,,,,,,,,,,,,,,
sc2025,y2025,2025-01-15T23:00:00+01:00,,,,,,,,,,,,,,,,,,,,,,,,,,,
sc2025,y2025,2025-01-16T01:00:00+01:00,,,,,,,,,,,,,,,,,,,,,,,,,,,
sc2025,y2025,2025-01-16T03:00:00+01:00,,,,,,,,,,,,,,,,,,,,,,,,,,,
sc2025,y2025,2025-01-16T05:00:00+01:00,,,,,,,,,,,,,,,,,,,,,,,,,,,
sc2025,y2025,2025-01-16T07:00:00+01:00,,,,,,,,,,,,,,,,,,,,,,,,,,,
sc2025,y2025,2025-01-16T09:00:00+01:00,,,,,,,,,,,,,,,,,,,,,,,,,,,
sc2025,y2025,2025-01-16T11:00:00+01:00,,,,,,,,,,,,,,,,,,,,,,,,,,,
sc2025,y2025,2025-01-16T13:00:00+01:00,,,,,,,,,,,,,,,,,,,,,,,,,,,
sc2025,y2025,2025-01-16T15:00:00+01:00,,,,,,,,,,,,,,,,,,,,,,,,,,,
sc2025,y2025,2025-01-16T17:00:00+01:00,,,,,,,,,,,,,,,,,,,,,,,,,,,
sc2025,y2025,2025-01-16T19:00:00+01:00,,,,,,,,,,,,,,,,,,,,,,,,,,,
sc2025,y2025,2025-01-16T21:00:00+01:00,,,,,,,,,,,,,,,,,,,,,,,,,,,
sc2025,y2025,2025-01-16T23:00:00+01:00,,,,,,,,,,,,,,,,,,,,,,,,,,,
sc2025,y2025,2025-01-17T01:00:00+01:00,,,,,,,,,,,,,,,,,,,,,,,,,,,
sc2025,y2025,2025-01-17T03:00:00+01:00,,,,,,,,,,,,,,,,,,,,,,,,,,,
sc2025,y2025,2025-01-17T05:00:00+01:00,,,,,,,,,,,,,,,,,,,,,,,,,,,
sc2025,y2025,2025-01-17T07:00:00+01:00,,,,,,,,,,,,,,,,,,,,,,,,,,,
sc2025,y2025,2025-01-17T09:00:00+01:00,,,,,,,,,,,,,,,,,,,,,,,,,,,
sc2025,y2025,2025-01-17T11:00:00+01:00,,,,,,,,,,,,,,,,,,,,,,,,,,,
sc2025,y2025,2025-01-17T13:00:00+01:00,,,,,,,,,,,,,,,,,,,,,,,,,,,
sc2025,y2025,2025-01-17T15:00:00+01:00,,,,,,,,,,,,,,,,,,,,,,,,,,,
sc2025,y2025,2025-01-17T17:00:00+01:00,,,,,,,,,,,,,,,,,,,,,,,,,,,
sc2025,y2025,2025-01-17T19:00:00+01:00,,,,,,,,,,,,,,,,,,,,,,,,,,,
sc2025,y2025,2025-01-17T21:00:00+01:00,,,,,,,,,,,,,,,,,,,,,,,,,,,
sc2025,y2025,2025-01-17T23:00:00+01:00,,,,,,,,,,,,,,,,,,,,,,,,,,,
sc2025,y2025,2025-01-18T01:00:00+01:00,,,,,,,,,,,,,,,,,,,,,,,,,,,
sc2025,y2025,2025-01-18T03:00:00+01:00,,,,,,,,,,,,,,,,,,,,,,,,,,,
sc2025,y2025,2025-01-18T05:00:00+01:00,,,,,,,,,,,,,,,,,,,,,,,,,,,
sc2025,y2025,2025-01-18T07:00:00+01:00,,,,,,,,,,,,,,,,,,,,,,,,,,,
sc2025,y2025,2025-01-18T09:00:00+01:00,,,,,,,,,,,,,,,,,,,,,,,,,,,
sc2025,y2025,2025-01-18T11:00:00+01:00,,,,,,,,,,,,,,,,,,,,,,,,,,,
sc2025,y2025,2025-01-18T13:00:00+01:00,,,,,,,,,,,,,,,,,,,,,,,,,,,
sc2025,y2025,2025-01-18T15:00:00+01:00,,,,,,,,,,,,,,,,,,,,,,,,,,,
sc2025,y2025,2025-01-18T17:00:00+01:00,,,,,,,,,,,,,,,,,,,,,,,,,,,
sc2025,y2025,2025-01-18T19:00:00+01:00,,,,,,,,,,,,,,,,,,,,,,,,,,,
sc2025,y2025,2025-01-18T21:00:00+01:00,,,,,,,,,,,,,,,,,,,,,,,,,,,
sc2025,y2025,2025-01-18T23:00:00+01:00,,,,,,,,,,,,,,,,,,,,,,,,,,,
sc2025,y2025,2025-01-19T01:00:00+01:00,,,,,,,,,,,,,,,,,,,,,,,,,,,
sc2025,y2025,2025-01-19T03:00:00+01:00,,,,,,,,,,,,,,,,,,,,,,,,,,,
sc2025,y2025,2025-01-19T05:00:00+01:00,,,,,,,,,,,,,,,,,,,,,,,,,,,
sc2025,y2025,2025-01-19T07:00:00+01:00,,,,,,,,,,,,,,,,,,,,,,,,,,,
sc2025,y2025,2025-01-19T09:00:00+01:00,,,,,,,,,,,,,,,,,,,,,,,,,,,
sc2025,y2025,2025-01-19T11:00:00+01:00,,,,,,,,,,,,,,,,,,,,,,,,,,,
sc2025,y2025,2025-01-19T13:00:00+01:00,,,,,,,,,,,,,,,,,,,,,,,,,,,
sc2025,y2025,2025-01-19T15:00:00+01:00,,,,,,,,,,,,,,,,,,,,,,,,,,,
sc2025,y2025,2025-01-19T17:00:00+01:00,,,,,,,,,,,,,,,,,,,,,,,,,,,
sc2025,y2025,2025-01-19T19:00:00+01:00,,,,,,,,,,,,,,,,,,,,,,,,,,,
sc2025,y2025,2025-01-19T21:00:00+01:00,,,,,,,,,,,,,,,,,,,,,,,,,,,
sc2025,y2025,2025-01-19T23:00:00+01:00,,,,,,,,,,,,,,,,,,,,,,,,,,,
sc2025,y2025,2025-01-20T01:00:00+01:00,,,,,,,,,,,,,,,,,,,,,,,,,,,
sc2025,y2025,2025-01-20T03:00:00+01:00,,,,,,,,,,,,,,,,,,,,,,,,,,,
sc2025,y2025,2025-01-20T05:00:00+01:00,,,,,,,,,,,,,,,,,,,,,,,,,,,
sc2025,y2025,2025-01-20T07:00:00+01:00,,,,,,,,,,,,,,,,,,,,,,,,,,,
sc2025,y2025,2025-01-20T09:00:00+01:00,,,,,,,,,,,,,,,,,,,,,,,,,,,
sc2025,y2025,2025-01-20T11:00:00+01:00,,,,,,,,,,,,,,,,,,,,,,,,,,,
sc2025,y2025,2025-01-20T13:00:00+01:00,,,,,,,,,,,,,,,,,,,,,,,,,,,
sc2025,y2025,2025-01-20T15:00:00+01:00,,,,,,,,,,,,,,,,,,,,,,,,,,,
sc2025,y2025,2025-01-20T17:00:00+01:00,,,,,,,,,,,,,,,,,,,,,,,,,,,
sc2025,y2025,2025-01-20T19:00:00+01:00,,,,,,,,,,,,,,,,,,,,,,,,,,,
sc2025,y2025,2025-01-20T21:00:00+01:00,,,,,,,,,,,,,,,,,,,,,,,,,,,
sc2025,y2025,2025-01-20T23:00:00+01:00,,,,,,,,,,,,,,,,,,,,,,,,,,,
sc2025,y2025,2025-01-21T01:00:00+01:00,,,,,,,,,,,,,,,,,,,,,,,,,,,
sc2025,y2025,2025-01-21T03:00:00+01:00,,,,,,,,,,,,,,,,,,,,,,,,,,,
sc2025,y2025,2025-01-21T05:00:00+01:00,,,,,,,,,,,,,,,,,,,,,,,,,,,
sc2025,y2025,2025-01-21T07:00:00+01:00,,,,,,,,,,,,,,,,,,,,,,,,,,,
sc2025,y2025,2025-01-21T09:00:00+01:00,,,,,,,,,,,,,,,,,,,,,,,,,,,
sc2025,y2025,2025-01-21T11:00:00+01:00,,,,,,,,,,,,,,,,,,,,,,,,,,,
sc2025,y2025,2025-01-21T13:00:00+01:00,,,,,,,,,,,,,,,,,,,,,,,,,,,
sc2025,y2025,2025-01-21T15:00:00+01:00,,,,,,,,,,,,,,,,,,,,,,,,,,,
sc2025,y2025,2025-01-21T17:00:00+01:00,,,,,,,,,,,,,,,,,,,,,,,,,,,
sc2025,y2025,2025-01-21T19:00:00+01:00,,,,,,,,,,,,,,,,,,,,,,,,,,,
sc2025,y2025,2025-01-21T21:00:00+01:00,,,,,,,,,,,,,,,,,,,,,,,,,,,
sc2025,y2025,2025-01-21T23:00:00+01:00,0.0,1.699436633978035,0.0,52.02988118991246,0.0,0.0,0.0,47.50840762194402,0.0,24.67862068749614,0.0,0.0,24.331286947097066,0.0,5.767203584074991,14.5882051185635,0.0,11.09541141419995,22.353147716100004,146.3492975286137,0.0,75.45264407135683,10.289963153606784,11.806465384818429,0.0,0.0,0.0
sc2025,y2025,2025-01-22T01:00:00+01:00,,,,,,,,,,,,,,,,,,,,,,,,,,,
sc2025,y2025,2025-01-22T03:00:00+01:00,,,,,,,,,,,,,,,,,,,,,,,,,,,
sc2025,y2025,2025-01-22T05:00:00+01:00,,,,,,,,,,,,,,,,,,,,,,,,,,,
sc2025,y2025,2025-01-22T07:00:00+01:00,,,,,,,,,,,,,,,,,,,,,,,,,,,
sc2025,y2025,2025-01-22T09:00:00+01:00,,,,,,,,,,,,,,,,,,,,,,,,,,,
sc2025,y2025,2025-01-22T11:00:00+01:00,,,,,,,,,,,,,,,,,,,,,,,,,,,
sc2025,y2025,2025-01-22T13:00:00+01:00,,,,,,,,,,,,,,,,,,,,,,,,,,,
sc2025,y2025,2025-01-22T15:00:00+01:00,,,,,,,,,,,,,,,,,,,,,,,,,,,
sc2025,y2025,2025-01-22T17:00:00+01:00,,,,,,,,,,,,,,,,,,,,,,,,,,,
sc2025,y2025,2025-01-22T19:00:00+01:00,,,,,,,,,,,,,,,,,,,,,,,,,,,
sc2025,y2025,2025-01-22T21:00:00+01:00,,,,,,,,,,,,,,,,,,,,,,,,,,,
sc2025,y2025,2025-01-22T23:00:00+01:00,,,,,,,,,,,,,,,,,,,,,,,,,,,
sc2025,y2025,2025-01-23T01:00:00+01:00,,,,,,,,,,,,,,,,,,,,,,,,,,,
sc2025,y2025,2025-01-23T03:00:00+01:00,,,,,,,,,,,,,,,,,,,,,,,,,,,
sc2025,y2025,2025-01-23T05:00:00+01:00,,,,,,,,,,,,,,,,,,,,,,,,,,,
sc2025,y2025,2025-01-23T07:00:00+01:00,,,,,,,,,,,,,,,,,,,,,,,,,,,
sc2025,y2025,2025-01-23T09:00:00+01:00,,,,,,,,,,,,,,,,,,,,,,,,,,,
sc2025,y2025,2025-01-23T11:00:00+01:00,,,,,,,,,,,,,,,,,,,,,,,,,,,
sc2025,y2025,2025-01-23T13:00:00+01:00,,,,,,,,,,,,,,,,,,,,,,,,,,,
sc2025,y2025,2025-01-23T15:00:00+01:00,,,,,,,,,,,,,,,,,,,,,,,,,,,
sc2025,y2025,2025-01-23T17:00:00+01:00,,,,,,,,,,,,,,,,,,,,,,,,,,,
sc2025,y2025,2025-01-23T19:00:00+01:00,,,,,,,,,,,,,,,,,,,,,,,,,,,
sc2025,y2025,2025-01-23T21:00:00+01:00,,,,,,,,,,,,,,,,,,,,,,,,,,,
sc2025,y2025,2025-01-23T23:00:00+01:00,,,,,,,,,,,,,,,,,,,,,,,,,,,
sc2025,y2025,2025-01-24T01:00:00+01:00,,,,,,,,,,,,,,,,,,,,,,,,,,,
sc2025,y2025,2025-01-24T03:00:00+01:00,,,,,,,,,,,,,,,,,,,,,,,,,,,
sc2025,y2025,2025-01-24T05:00:00+01:00,,,,,,,,,,,,,,,,,,,,,,,,,,,
sc2025,y2025,2025-01-24T07:00:00+01:00,,,,,,,,,,,,,,,,,,,,,,,,,,,
sc2025,y2025,2025-01-24T09:00:00+01:00,,,,,,,,,,,,,,,,,,,,,,,,,,,
sc2025,y2025,2025-01-24T11:00:00+01:00,,,,,,,,,,,,,,,,,,,,,,,,,,,
sc2025,y2025,2025-01-24T13:00:00+01:00,,,,,,,,,,,,,,,,,,,,,,,,,,,
sc2025,y2025,2025-01-24T15:00:00+01:00,,,,,,,,,,,,,,,,,,,,,,,,,,,
sc2025,y2025,2025-01-24T17:00:00+01:00,,,,,,,,,,,,,,,,,,,,,,,,,,,
sc2025,y2025,2025-01-24T19:00:00+01:00,,,,,,,,,,,,,,,,,,,,,,,,,,,
sc2025,y2025,2025-01-24T21:00:00+01:00,,,,,,,,,,,,,,,,,,,,,,,,,,,
sc2025,y2025,2025-01-24T23:00:00+01:00,,,,,,,,,,,,,,,,,,,,,,,,,,,
sc2025,y2025,2025-01-25T01:00:00+01:00,,,,,,,,,,,,,,,,,,,,,,,,,,,
sc2025,y2025,2025-01-25T03:00:00+01:00,,,,,,,,,,,,,,,,,,,,,,,,,,,
sc2025,y2025,2025-01-25T05:00:00+01:00,,,,,,,,,,,,,,,,,,,,,,,,,,,
sc2025,y2025,2025-01-25T07:00:00+01:00,,,,,,,,,,,,,,,,,,,,,,,,,,,
sc2025,y2025,2025-01-25T09:00:00+01:00,,,,,,,,,,,,,,,,,,,,,,,,,,,
sc2025,y2025,2025-01-25T11:00:00+01:00,,,,,,,,,,,,,,,,,,,,,,,,,,,
sc2025,y2025,2025-01-25T13:00:00+01:00,,,,,,,,,,,,,,,,,,,,,,,,,,,
sc2025,y2025,2025-01-25T15:00:00+01:00,,,,,,,,,,,,,,,,,,,,,,,,,,,
sc2025,y2025,2025-01-25T17:00:00+01:00,,,,,,,,,,,,,,,,,,,,,,,,,,,
sc2025,y2025,2025-01-25T19:00:00+01:00,,,,,,,,,,,,,,,,,,,,,,,,,,,
sc2025,y2025,2025-01-25T21:00:00+01:00,,,,,,,,,,,,,,,,,,,,,,,,,,,
sc2025,y2025,2025-01-25T23:00:00+01:00,,,,,,,,,,,,,,,,,,,,,,,,,,,
sc2025,y2025,2025-01-26T01:00:00+01:00,,,,,,,,,,,,,,,,,,,,,,,,,,,
sc2025,y2025,2025-01-26T03:00:00+01:00,,,,,,,,,,,,,,,,,,,,,,,,,,,
sc2025,y2025,2025-01-26T05:00:00+01:00,,,,,,,,,,,,,,,,,,,,,,,,,,,
sc2025,y2025,2025-01-26T07:00:00+01:00,,,,,,,,,,,,,,,,,,,,,,,,,,,
sc2025,y2025,2025-01-26T09:00:00+01:00,,,,,,,,,,,,,,,,,,,,,,,,,,,
sc2025,y2025,2025-01-26T11:00:00+01:00,,,,,,,,,,,,,,,,,,,,,,,,,,,
sc2025,y2025,2025-01-26T13:00:00+01:00,,,,,,,,,,,,,,,,,,,,,,,,,,,
sc2025,y2025,2025-01-26T15:00:00+01:00,,,,,,,,,,,,,,,,,,,,,,,,,,,
sc2025,y2025,2025-01-26T17:00:00+01:00,,,,,,,,,,,,,,,,,,,,,,,,,,,
sc2025,y2025,2025-01-26T19:00:00+01:00,,,,,,,,,,,,,,,,,,,,,,,,,,,
sc2025,y2025,2025-01-26T21:00:00+01:00,,,,,,,,,,,,,,,,,,,,,,,,,,,
sc2025,y2025,2025-01-26T23:00:00+01:00,,,,,,,,,,,,,,,,,,,,,,,,,,,
sc2025,y2025,2025-01-27T01:00:00+01:00,,,,,,,,,,,,,,,,,,,,,,,,,,,
sc2025,y2025,2025-01-27T03:00:00+01:00,,,,,,,,,,,,,,,,,,,,,,,,,,,
sc2025,y2025,2025-01-27T05:00:00+01:00,,,,,,,,,,,,,,,,,,,,,,,,,,,
sc2025,y2025,2025-01-27T07:00:00+01:00,,,,,,,,,,,,,,,,,,,,,,,,,,,
sc2025,y2025,2025-01-27T09:00:00+01:00,,,,,,,,,,,,,,,,,,,,,,,,,,,
sc2025,y2025,2025-01-27T11:00:00+01:00,,,,,,,,,,,,,,,,,,,,,,,,,,,
sc2025,y2025,2025-01-27T13:00:00+01:00,,,,,,,,,,,,,,,,,,,,,,,,,,,
sc2025,y2025,2025-01-27T15:00:00+01:00,,,,,,,,,,,,,,,,,,,,,,,,,,,
sc2025,y2025,2025-01-27T17:00:00+01:00,,,,,,,,,,,,,,,,,,,,,,,,,,,
sc2025,y2025,2025-01-27T19:00:00+01:00,,,,,,,,,,,,,,,,,,,,,,,,,,,
sc2025,y2025,2025-01-27T21:00:00+01:00,,,,,,,,,,,,,,,,,,,,,,,,,,,
sc2025,y2025,2025-01-27T23:00:00+01:00,,,,,,,,,,,,,,,,,,,,,,,,,,,
sc2025,y2025,2025-01-28T01:00:00+01:00,,,,,,,,,,,,,,,,,,,,,,,,,,,
sc2025,y2025,2025-01-28T03:00:00+01:00,,,,,,,,,,,,,,,,,,,,,,,,,,,
sc2025,y2025,2025-01-28T05:00:00+01:00,,,,,,,,,,,,,,,,,,,,,,,,,,,
sc2025,y2025,2025-01-28T07:00:00+01:00,,,,,,,,,,,,,,,,,,,,,,,,,,,
sc2025,y2025,2025-01-28T09:00:00+01:00,,,,,,,,,,,,,,,,,,,,,,,,,,,
sc2025,y2025,2025-01-28T11:00:00+01:00,,,,,,,,,,,,,,,,,,,,,,,,,,,
sc2025,y2025,2025-01-28T13:00:00+01:00,,,,,,,,,,,,,,,,,,,,,,,,,,,
sc2025,y2025,2025-01-28T15:00:00+01:00,,,,,,,,,,,,,,,,,,,,,,,,,,,
sc2025,y2025,2025-01-28T17:00:00+01:00,,,,,,,,,,,,,,,,,,,,,,,,,,,
sc2025,y2025,2025-01-28T19:00:00+01:00,,,,,,,,,,,,,,,,,,,,,,,,,,,
sc2025,y2025,2025-01-28T21:00:00+01:00,,,,,,,,,,,,,,,,,,,,,,,,,,,
sc2025,y2025,2025-01-28T23:00:00+01:00,0.0,0.0,0.0,0.0,0.0,0.0,0.0,0.0,0.0,0.0,0.0,0.0,0.0,0.0,0.0,0.0,0.0,0.0,0.0,0.0,0.0,0.0,0.0,0.0,0.0,0.0,0.0
sc2025,y2025,2025-01-29T01:00:00+01:00,,,,,,,,,,,,,,,,,,,,,,,,,,,
sc2025,y2025,2025-01-29T03:00:00+01:00,,,,,,,,,,,,,,,,,,,,,,,,,,,
sc2025,y2025,2025-01-29T05:00:00+01:00,,,,,,,,,,,,,,,,,,,,,,,,,,,
sc2025,y2025,2025-01-29T07:00:00+01:00,,,,,,,,,,,,,,,,,,,,,,,,,,,
sc2025,y2025,2025-01-29T09:00:00+01:00,,,,,,,,,,,,,,,,,,,,,,,,,,,
sc2025,y2025,2025-01-29T11:00:00+01:00,,,,,,,,,,,,,,,,,,,,,,,,,,,
sc2025,y2025,2025-01-29T13:00:00+01:00,,,,,,,,,,,,,,,,,,,,,,,,,,,
sc2025,y2025,2025-01-29T15:00:00+01:00,,,,,,,,,,,,,,,,,,,,,,,,,,,
sc2025,y2025,2025-01-29T17:00:00+01:00,,,,,,,,,,,,,,,,,,,,,,,,,,,
sc2025,y2025,2025-01-29T19:00:00+01:00,,,,,,,,,,,,,,,,,,,,,,,,,,,
sc2025,y2025,2025-01-29T21:00:00+01:00,,,,,,,,,,,,,,,,,,,,,,,,,,,
sc2025,y2025,2025-01-29T23:00:00+01:00,,,,,,,,,,,,,,,,,,,,,,,,,,,
sc2025,y2025,2025-01-30T01:00:00+01:00,,,,,,,,,,,,,,,,,,,,,,,,,,,
sc2025,y2025,2025-01-30T03:00:00+01:00,,,,,,,,,,,,,,,,,,,,,,,,,,,
sc2025,y2025,2025-01-30T05:00:00+01:00,,,,,,,,,,,,,,,,,,,,,,,,,,,
sc2025,y2025,2025-01-30T07:00:00+01:00,,,,,,,,,,,,,,,,,,,,,,,,,,,
sc2025,y2025,2025-01-30T09:00:00+01:00,,,,,,,,,,,,,,,,,,,,,,,,,,,
sc2025,y2025,2025-01-30T11:00:00+01:00,,,,,,,,,,,,,,,,,,,,,,,,,,,
sc2025,y2025,2025-01-30T13:00:00+01:00,,,,,,,,,,,,,,,,,,,,,,,,,,,
sc2025,y2025,2025-01-30T15:00:00+01:00,,,,,,,,,,,,,,,,,,,,,,,,,,,
sc2025,y2025,2025-01-30T17:00:00+01:00,,,,,,,,,,,,,,,,,,,,,,,,,,,
sc2025,y2025,2025-01-30T19:00:00+01:00,,,,,,,,,,,,,,,,,,,,,,,,,,,
sc2025,y2025,2025-01-30T21:00:00+01:00,,,,,,,,,,,,,,,,,,,,,,,,,,,
sc2025,y2025,2025-01-30T23:00:00+01:00,,,,,,,,,,,,,,,,,,,,,,,,,,,
sc2025,y2025,2025-01-31T01:00:00+01:00,,,,,,,,,,,,,,,,,,,,,,,,,,,
sc2025,y2025,2025-01-31T03:00:00+01:00,,,,,,,,,,,,,,,,,,,,,,,,,,,
sc2025,y2025,2025-01-31T05:00:00+01:00,,,,,,,,,,,,,,,,,,,,,,,,,,,
sc2025,y2025,2025-01-31T07:00:00+01:00,,,,,,,,,,,,,,,,,,,,,,,,,,,
sc2025,y2025,2025-01-31T09:00:00+01:00,,,,,,,,,,,,,,,,,,,,,,,,,,,
sc2025,y2025,2025-01-31T11:00:00+01:00,,,,,,,,,,,,,,,,,,,,,,,,,,,
sc2025,y2025,2025-01-31T13:00:00+01:00,,,,,,,,,,,,,,,,,,,,,,,,,,,
sc2025,y2025,2025-01-31T15:00:00+01:00,,,,,,,,,,,,,,,,,,,,,,,,,,,
sc2025,y2025,2025-01-31T17:00:00+01:00,,,,,,,,,,,,,,,,,,,,,,,,,,,
sc2025,y2025,2025-01-31T19:00:00+01:00,,,,,,,,,,,,,,,,,,,,,,,,,,,
sc2025,y2025,2025-01-31T21:00:00+01:00,100.5187207,10.56,33.48,33.576,95.736,27.79199927,240.888,165.48,84.0,17.64,7.200000000000001,7.007999999999999,41.928000000000004,120.12,5.76,13.92,21.6,118.3535977,132.9695977,576.0096093999999,36.04319934,91.96799999999999,17.904,14.735999999999999,12.815999999999999,22.22543994,70.896
